id,type,name,category,sponsored,availability,rent,price,modified,created,address,latitude,longitude,size,full_name,keywords,reduced
10303,PROPERTY,Unit 6A/6B,RW,true,Under Offer,,,2018-09-17T16:50:09,2014-08-07T16:34:20,Birmingham | B24 9FP,52.5086823,-1.8233714,11270,"Unit 6A/6B, The Fort Shopping Park","birmingham | b24 9fp,unit 6a/6b, the fort shopping park,"
10304,PROPERTY,Unit 7A,RW,true,To Let,,,2020-09-21T10:33:34,2014-08-07T16:35:51,Birmingham | B24 9FP,52.5086823,-1.8233714,6184,"Unit 7A, The Fort Shopping Park","birmingham | b24 9fp,unit 7a, the fort shopping park,"
10309,PROPERTY,Unit 9B,RW,true,To Let,,,2019-07-30T15:53:42,2013-04-23T14:58:23,Birmingham | B24 9FP,52.5086823,-1.8233714,5519,"Unit 9B, The Fort Shopping Park","birmingham | b24 9fp,unit 9b, the fort shopping park,"
10311,PROPERTY,Unit 10B,RW,true,Under Offer,,,2019-07-25T13:03:55,2016-06-07T09:40:50,Birmingham | B24 9FP,52.5086823,-1.8233714,5015,"Unit 10B, The Fort Shopping Park","birmingham | b24 9fp,unit 10b, the fort shopping park,"
10312,PROPERTY,Unit 10A,RW,true,To Let,,,2019-07-30T15:55:19,2016-06-07T09:41:26,Birmingham | B24 9FP,52.5086823,-1.8233714,4880,"Unit 10A, The Fort Shopping Park","birmingham | b24 9fp,unit 10a, the fort shopping park,"
10317,PROPERTY,Ground & Mezz,RW,true,Under Offer,,,2018-09-17T16:50:09,2009-06-02T12:06:23,Birmingham | B24 9FP,52.5086823,-1.8233714,28795,"Ground & Mezz, The Fort Shopping Park","birmingham | b24 9fp,ground & mezz, the fort shopping park,"
10324,PROPERTY,E2,RW,false,To Let,,,2020-01-15T09:18:29,2010-11-01T11:51:34,"Kingsbury Road (A34), Erdington, Erdington | B24 9QB",52.5178299,-1.8024461,5754,"E2, Ravenside Retail Park","kingsbury road (a34), erdington, erdington | b24 9qb,e2, ravenside retail park,"
10337,PROPERTY,8,RW,false,To Let,,,2018-09-11T15:51:17,2015-11-04T15:38:08,"Erdington, Birmingham | B35 6HB",52.5172729,-1.7966437,3500,"8, Castle Vale Retail Park","erdington, birmingham | b35 6hb,8, castle vale retail park,"
10340,PROPERTY,3,RW,true,To Let,,,2019-06-21T09:29:09,2012-09-06T17:00:24,"Coventry Road, Birmingham | B10 0XA",52.4741592,-1.866152,7448,"3, St Andrew's Shopping Park","coventry road, birmingham | b10 0xa,3, st andrew's shopping park,"
10347,PROPERTY,Unit 5,RW,false,To Let,,,2020-11-16T15:02:31,2015-04-29T15:24:15,"Harborne Lane, Birmingham | B29 6SJ",52.4421997,-1.9394,3907,"Unit 5, Battery Retail Park","harborne lane, birmingham | b29 6sj,unit 5, battery retail park,"
10359,PROPERTY,F,RW,false,To Let,,,2020-11-20T17:42:23,2012-04-18T11:33:58,"Stechford, Birmingham | B33 9AN",52.4866333,-1.808452,7518,"F, Stechford Retail Park","stechford, birmingham | b33 9an,f, stechford retail park,"
13608,PROPERTY,G2,RW,true,To Let,,,2021-01-20T17:18:36,2016-02-04T17:26:02,"Marshall Lake Road, Solihull | B90 4LD",52.4000015,-1.8177,16691,"G2, Solihull Retail Park","marshall lake road, solihull | b90 4ld,g2, solihull retail park,"
14196,PROPERTY,Unit 2A,RW,true,Under Offer,,,2020-12-16T13:30:16,2013-09-19T12:26:38,"Wolverhampton St, Walsall | WS2 8LL",52.5868988,-1.9886,5017,"Unit 2A, Crown Wharf","wolverhampton st, walsall | ws2 8ll,unit 2a, crown wharf,"
14197,PROPERTY,Unit 2B,RW,true,Under Offer,,,2020-12-16T13:30:16,2013-09-19T12:26:59,"Wolverhampton St, Walsall | WS2 8LL",52.5868988,-1.9886,5000,"Unit 2B, Crown Wharf","wolverhampton st, walsall | ws2 8ll,unit 2b, crown wharf,"
14199,PROPERTY,Unit 5,RW,true,Under Offer,,,2020-12-16T13:30:16,2010-09-19T10:38:37,"Wolverhampton St, Walsall | WS2 8LL",52.5868988,-1.9886,10002,"Unit 5, Crown Wharf","wolverhampton st, walsall | ws2 8ll,unit 5, crown wharf,"
14201,PROPERTY,Unit 7-8,RW,true,To Let,,,2020-12-16T13:30:16,2010-09-19T10:38:37,"Wolverhampton St, Walsall | WS2 8LL",52.5868988,-1.9886,20138,"Unit 7-8, Crown Wharf","wolverhampton st, walsall | ws2 8ll,unit 7-8, crown wharf,"
14204,PROPERTY,Unit 11,RW,true,To Let,,,2020-12-16T13:30:16,2010-09-19T10:38:37,"Wolverhampton St, Walsall | WS2 8LL",52.5868988,-1.9886,10012,"Unit 11, Crown Wharf","wolverhampton st, walsall | ws2 8ll,unit 11, crown wharf,"
14205,PROPERTY,Unit 12,RW,true,Under Offer,,,2020-12-16T13:30:16,2012-08-24T16:49:04,"Wolverhampton St, Walsall | WS2 8LL",52.5868988,-1.9886,14140,"Unit 12, Crown Wharf","wolverhampton st, walsall | ws2 8ll,unit 12, crown wharf,"
14211,PROPERTY,Unit 16,RW,true,To Let,,,2020-12-16T13:30:16,2011-02-08T16:33:50,"Wolverhampton St, Walsall | WS2 8LL",52.5868988,-1.9886,4005,"Unit 16, Crown Wharf","wolverhampton st, walsall | ws2 8ll,unit 16, crown wharf,"
14255,PROPERTY,9B,RW,false,To Let,60000,,2021-02-02T12:01:25,2016-06-08T16:43:55,"Lombard Street, West Bromwich | B70 7NJ",52.5201988,-1.9946001,5977,"9B, Astle Retail Park","lombard street, west bromwich | b70 7nj,9b, astle retail park,"
14326,PROPERTY,B1,RW,true,To Let,,,2021-03-11T15:38:52,2016-04-21T11:49:02,"Wednesfield Way, Wolverhampton | WV11 1BP",52.5971909,-2.0882215,13525,"B1, Bentley Bridge Retail Park","wednesfield way, wolverhampton | wv11 1bp,b1, bentley bridge retail park,"
14329,PROPERTY,B5,RW,true,To Let,,,2021-03-11T15:38:52,2014-09-02T15:22:26,"Wednesfield Way, Wolverhampton | WV11 1BP",52.5971909,-2.0882215,7251,"B5, Bentley Bridge Retail Park","wednesfield way, wolverhampton | wv11 1bp,b5, bentley bridge retail park,"
14330,PROPERTY,B6,RW,true,To Let,,,2021-03-11T15:38:52,2014-09-02T15:22:04,"Wednesfield Way, Wolverhampton | WV11 1BP",52.5971909,-2.0882215,7907,"B6, Bentley Bridge Retail Park","wednesfield way, wolverhampton | wv11 1bp,b6, bentley bridge retail park,"
25918,PROPERTY,2A,LE,false,To Let,,,2020-10-16T12:38:28,2010-02-03T11:09:31,"Wednesfield Way, Wolverhampton | W11 1TZ",52.5962982,-2.0929,4156,"2A, Bentley Bridge Leisure Park","wednesfield way, wolverhampton | w11 1tz,2a, bentley bridge leisure park,"
27133,PROPERTY,263 Beeches Road,HS,false,Under Offer,4750,,2017-02-13T07:54:31,2010-03-30T10:04:09,"263 Beeches Road, Birmingham | B42 2QS",52.5392914,-1.9037966,592,263 Beeches Road,"263 beeches road, birmingham | b42 2qs,263 beeches road,"
27135,PROPERTY,52b Lozells Road,HS,false,Under Offer,7000,,2017-02-13T07:54:31,2010-03-30T10:13:40,"52b Lozells Road, Birmingham | B19 2TJ",52.5024986,-1.9035231,1120,52b Lozells Road,"52b lozells road, birmingham | b19 2tj,52b lozells road,"
27139,PROPERTY,1067 Yardley Wood Road,HS,false,Under Offer,6000,,2017-02-13T07:54:31,2010-03-24T17:42:37,"1067 Yardley Wood Road, Birmingham | B14 4BW",52.4143524,-1.869694,,1067 Yardley Wood Road,"1067 yardley wood road, birmingham | b14 4bw,1067 yardley wood road,"
27152,PROPERTY,46-46a High Street,HS,false,Under Offer,19800,,2017-02-13T07:54:31,2010-03-30T11:46:45,"46-46a High Street, Erdington | B23 6SS",52.526722,-1.8368571,,46-46a High Street,"46-46a high street, erdington | b23 6ss,46-46a high street,"
27163,PROPERTY,130 Hawthorn Road,HS,false,Under Offer,15000,,2017-02-13T07:54:31,2010-03-31T11:50:51,"130 Hawthorn Road, Kingstanding | B44 8QT",52.5387917,-1.8813167,,130 Hawthorn Road,"130 hawthorn road, kingstanding | b44 8qt,130 hawthorn road,"
27193,PROPERTY,22-24 Carters Green,HS,false,Under Offer,20000,,2017-02-13T07:54:31,2010-04-13T11:46:33,"22-24 Carters Green, West Bromwich | B70 9LW",52.5238075,-2.0040436,,22-24 Carters Green,"22-24 carters green, west bromwich | b70 9lw,22-24 carters green,"
27279,PROPERTY,534 Bearwood Road,HS,false,Under Offer,18000,,2017-02-13T07:54:32,2010-03-31T12:42:38,"534 Bearwood Road, Smethwick | B66 4BX",52.4759026,-1.9696982,1166,534 Bearwood Road,"534 bearwood road, smethwick | b66 4bx,534 bearwood road,"
29506,PROPERTY,"ESU3, Lower Level",SC,true,To Let,87250,,2020-05-04T14:11:32,2013-08-01T11:58:10,Birmingham | B5 4BU,52.4777985,-1.8934,1650,"ESU3, Lower Level, The Bullring Estate","birmingham | b5 4bu,esu3, lower level, the bullring estate,"
30254,PROPERTY,534 Bearwood Road,HS,false,Under Offer,,,2017-02-13T07:54:55,2010-09-02T15:40:45,"534 Bearwood Road, Smethwick | B66 4BX",52.4761734,-1.969346,,534 Bearwood Road,"534 bearwood road, smethwick | b66 4bx,534 bearwood road,"
32476,PROPERTY,Unit 1,SC,false,Under Offer,,,2018-03-12T13:56:46,2010-12-07T14:16:07,"Ownall Road, Birmingham | B34 7AJ",52.4946327,-1.777532,1400,"Unit 1, All Saints Square","ownall road, birmingham | b34 7aj,unit 1, all saints square,"
32479,PROPERTY,Unit 4,SC,false,Under Offer,,,2018-03-12T13:56:58,2010-12-07T14:28:03,"Ownall Road, Birmingham | B34 7AJ",52.4946327,-1.777532,1013,"Unit 4, All Saints Square","ownall road, birmingham | b34 7aj,unit 4, all saints square,"
32483,PROPERTY,Unit 8,SC,false,Under Offer,,,2018-03-12T13:57:14,2010-12-07T14:23:23,"Ownall Road, Birmingham | B34 7AJ",52.4946327,-1.777532,630,"Unit 8, All Saints Square","ownall road, birmingham | b34 7aj,unit 8, all saints square,"
32484,PROPERTY,Unit 9,SC,false,Under Offer,,,2018-03-12T13:57:18,2010-12-07T14:24:44,"Ownall Road, Birmingham | B34 7AJ",52.4946327,-1.777532,695,"Unit 9, All Saints Square","ownall road, birmingham | b34 7aj,unit 9, all saints square,"
32485,PROPERTY,Unit 10,SC,false,Under Offer,,,2018-03-12T13:57:21,2010-12-07T14:25:50,"Ownall Road, Birmingham | B34 7AJ",52.4946327,-1.777532,774,"Unit 10, All Saints Square","ownall road, birmingham | b34 7aj,unit 10, all saints square,"
32486,PROPERTY,Unit 11,SC,false,Under Offer,,,2018-03-12T13:57:25,2010-12-07T14:26:46,"Ownall Road, Birmingham | B34 7AJ",52.4946327,-1.777532,1160,"Unit 11, All Saints Square","ownall road, birmingham | b34 7aj,unit 11, all saints square,"
34998,PROPERTY,"Unit 42, The Parade",SC,true,To Let,95000,,2021-03-09T15:31:50,2016-06-17T14:44:06,"210a Parade, Sutton Coldfield | B72 1PA",52.5621986,-1.8249,5462,"Unit 42, The Parade, Gracechurch Centre","210a parade, sutton coldfield | b72 1pa,unit 42, the parade, gracechurch centre,"
35000,PROPERTY,Unit 162,SC,true,To Let,,,2021-03-09T15:31:50,2016-05-12T11:09:26,"210a Parade, Sutton Coldfield | B72 1PA",52.5621986,-1.8249,1306,"Unit 162, Gracechurch Centre","210a parade, sutton coldfield | b72 1pa,unit 162, gracechurch centre,"
35285,PROPERTY,Unit 200,SC,true,To Let,,,2021-03-09T15:31:50,2016-05-12T11:03:34,"210a Parade, Sutton Coldfield | B72 1PA",52.5621986,-1.8249,895,"Unit 200, Gracechurch Centre","210a parade, sutton coldfield | b72 1pa,unit 200, gracechurch centre,"
35355,PROPERTY,Unit 50 The Parade,SC,true,Under Offer,,,2021-03-09T15:31:50,2016-05-12T10:13:16,"210a Parade, Sutton Coldfield | B72 1PA",52.5621986,-1.8249,2579,"Unit 50 The Parade, Gracechurch Centre","210a parade, sutton coldfield | b72 1pa,unit 50 the parade, gracechurch centre,"
35356,PROPERTY,Unit 52 The Parade,SC,true,Under Offer,,,2021-03-09T15:31:50,2016-05-12T10:13:47,"210a Parade, Sutton Coldfield | B72 1PA",52.5621986,-1.8249,2029,"Unit 52 The Parade, Gracechurch Centre","210a parade, sutton coldfield | b72 1pa,unit 52 the parade, gracechurch centre,"
35357,PROPERTY,Unit 54 The Parade,SC,true,Under Offer,,,2021-03-09T15:31:50,2016-05-12T11:01:43,"210a Parade, Sutton Coldfield | B72 1PA",52.5621986,-1.8249,488,"Unit 54 The Parade, Gracechurch Centre","210a parade, sutton coldfield | b72 1pa,unit 54 the parade, gracechurch centre,"
35360,PROPERTY,Unit 152-153,SC,true,To Let,,,2021-03-09T15:31:50,2016-05-12T10:22:03,"210a Parade, Sutton Coldfield | B72 1PA",52.5621986,-1.8249,7400,"Unit 152-153, Gracechurch Centre","210a parade, sutton coldfield | b72 1pa,unit 152-153, gracechurch centre,"
35363,PROPERTY,Unit 146,SC,true,To Let,,,2021-03-09T15:31:50,2016-05-12T10:21:36,"210a Parade, Sutton Coldfield | B72 1PA",52.5621986,-1.8249,3471,"Unit 146, Gracechurch Centre","210a parade, sutton coldfield | b72 1pa,unit 146, gracechurch centre,"
36098,PROPERTY,Unit B2,RW,false,To Let,,,2018-08-02T11:23:24,2011-09-16T19:34:39,"Reedswood Way, Walsall | WS2 8XA",52.5960999,-2.0016999,10000,"Unit B2, Reedswood Retail Park","reedswood way, walsall | ws2 8xa,unit b2, reedswood retail park,"
40680,PROPERTY,Unit 14,RW,false,To Let,,,2019-11-15T09:47:11,2012-08-08T12:34:21,"Watson Road, Birmingham | B7 5SA",52.5055008,-1.8565,6735,"Unit 14, Star City","watson road, birmingham | b7 5sa,unit 14, star city,"
44935,PROPERTY,Unit 16,SC,false,To Let,35000,,2020-08-18T12:26:09,2015-09-17T09:54:57,"Colmore Row, Birmingham | B2 5HU",52.4818001,-1.8973,430,"Unit 16, Great Western Arcade","colmore row, birmingham | b2 5hu,unit 16, great western arcade,"
44943,PROPERTY,Unit 13,SC,false,To Let,18500,,2020-02-17T22:54:23,2015-09-17T09:54:31,"Colmore Row, Birmingham | B2 5HU",52.4818001,-1.8973,609,"Unit 13, Great Western Arcade","colmore row, birmingham | b2 5hu,unit 13, great western arcade,"
45348,PROPERTY,Unit 12B,SC,false,To Let,,,2019-04-10T10:11:54,2013-03-20T14:25:29,"Broadway Plaza, Birmingham | B16 8LP",52.4734993,-1.9217,1356,"Unit 12B, Broadway Plaza","broadway plaza, birmingham | b16 8lp,unit 12b, broadway plaza,"
45461,PROPERTY,4,RW,false,To Let,,,2019-07-25T16:19:06,2014-04-24T16:12:13,"Keyway Retail Park, Willenhall | WV13 2QU",52.5771484,-2.0465069,4000,"4, Keyway Retail Park","keyway retail park, willenhall | wv13 2qu,4, keyway retail park,"
48690,PROPERTY,"Unit 507, Middle Level",SC,true,To Let,285000,,2021-01-25T15:00:11,2016-07-19T16:06:09,Birmingham | B5 4BU,52.4777985,-1.8934,1872,"Unit 507, Middle Level, The Bullring Estate","birmingham | b5 4bu,unit 507, middle level, the bullring estate,"
48705,PROPERTY,"Unit 519, Middle Level",SC,true,To Let,,,2020-05-04T14:11:33,2013-08-29T15:25:53,Birmingham | B5 4BU,52.4777985,-1.8934,1460,"Unit 519, Middle Level, The Bullring Estate","birmingham | b5 4bu,unit 519, middle level, the bullring estate,"
48710,PROPERTY,"Unit 524, Middle Level",SC,true,Under Offer,,,2020-05-04T14:11:33,2013-08-29T15:26:24,Birmingham | B5 4BU,52.4777985,-1.8934,2570,"Unit 524, Middle Level, The Bullring Estate","birmingham | b5 4bu,unit 524, middle level, the bullring estate,"
48713,PROPERTY,"Unit 529, Middle Level",SC,true,To Let,,,2020-05-04T14:11:33,2013-08-29T15:26:43,Birmingham | B5 4BU,52.4777985,-1.8934,310,"Unit 529, Middle Level, The Bullring Estate","birmingham | b5 4bu,unit 529, middle level, the bullring estate,"
48741,PROPERTY,"Unit 733, Upper Level",SC,true,To Let,,,2020-05-04T14:11:33,2013-08-29T15:33:18,Birmingham | B5 4BU,52.4777985,-1.8934,355,"Unit 733, Upper Level, The Bullring Estate","birmingham | b5 4bu,unit 733, upper level, the bullring estate,"
48745,PROPERTY,"Unit 739, Upper Level",SC,true,Under Offer,,,2021-01-25T14:50:57,2013-08-29T15:33:36,Birmingham | B5 4BU,52.4777985,-1.8934,3690,"Unit 739, Upper Level, The Bullring Estate","birmingham | b5 4bu,unit 739, upper level, the bullring estate,"
48753,PROPERTY,"Unit 749, Upper Level",SC,true,To Let,,,2020-05-04T14:11:33,2013-08-29T15:35:26,Birmingham | B5 4BU,52.4777985,-1.8934,680,"Unit 749, Upper Level, The Bullring Estate","birmingham | b5 4bu,unit 749, upper level, the bullring estate,"
48814,PROPERTY,"Unit L14, LinkStreet",SC,true,To Let,,,2020-05-04T14:11:33,2013-08-02T08:41:49,Birmingham | B5 4BU,52.4777985,-1.8934,1099,"Unit L14, LinkStreet, The Bullring Estate","birmingham | b5 4bu,unit l14, linkstreet, the bullring estate,"
49266,PROPERTY,Unit 110,SC,true,To Let,,,2021-03-09T15:31:50,2016-05-12T12:10:32,"210a Parade, Sutton Coldfield | B72 1PA",52.5621986,-1.8249,733,"Unit 110, Gracechurch Centre","210a parade, sutton coldfield | b72 1pa,unit 110, gracechurch centre,"
51149,PROPERTY,"Unit 46, Grand Central",SC,true,To Let,,,2020-10-15T16:59:42,2013-10-03T09:29:32,Birmingham | B5 4BU,52.4777985,-1.8934,,"Unit 46, Grand Central, The Bullring Estate","birmingham | b5 4bu,unit 46, grand central, the bullring estate,"
52767,PROPERTY,Unit 18,SC,false,To Let,,,2019-12-12T15:41:08,2015-10-28T11:26:46,"High Street, Erdington, Erdington | B23 6RY",52.5238991,-1.8385,888,"Unit 18, Central Square Shopping Centre","high street, erdington, erdington | b23 6ry,unit 18, central square shopping centre,"
53259,PROPERTY,1b,RW,false,To Let,27500,,2017-04-24T01:04:43,2013-10-08T09:23:37,"Cape Hill, Smethwick | B66 3PR",52.4875946,-1.9606121,1000,"1b, Windmill Shopping Park","cape hill, smethwick | b66 3pr,1b, windmill shopping park,"
54635,PROPERTY,Unit 18,SC,false,To Let,39000,,2019-04-11T11:44:21,2015-09-25T15:02:34,Birmingham | B31 2JU,52.4168015,-1.9680001,,"Unit 18, Northfield Shopping Centre","birmingham | b31 2ju,unit 18, northfield shopping centre,"
54643,PROPERTY,Unit 34,SC,false,To Let,41000,,2019-04-11T11:44:22,2013-11-27T15:50:10,Birmingham | B31 2JU,52.4168015,-1.9680001,,"Unit 34, Northfield Shopping Centre","birmingham | b31 2ju,unit 34, northfield shopping centre,"
55373,PROPERTY,Unit 31,RW,false,To Let,165000,,2019-12-12T16:08:08,2015-09-15T16:35:07,"Town Centre, Birmingham | B31 2TS",52.47826,-1.87655,5030,"Unit 31, Longbridge Town Centre","town centre, birmingham | b31 2ts,unit 31, longbridge town centre,"
55545,PROPERTY,18 Drury Lane,SC,false,To Let,39000,,2017-02-13T07:58:12,2014-02-12T14:59:52,"Drury Lane, Solihull | B91 3BG",52.413723,-1.7764558,,"18 Drury Lane, Mell Square","drury lane, solihull | b91 3bg,18 drury lane, mell square,"
57747,PROPERTY,Unit 3B,RW,false,To Let,,,2020-11-16T15:01:48,2015-04-29T15:23:33,"Harborne Lane, Birmingham | B29 6SJ",52.4421997,-1.9394,3355,"Unit 3B, Battery Retail Park","harborne lane, birmingham | b29 6sj,unit 3b, battery retail park,"
57822,PROPERTY,Unit 19B,SC,false,To Let,,,2019-04-10T10:11:54,2015-05-11T15:07:15,"Broadway Plaza, Birmingham | B16 8LP",52.4734993,-1.9217,3416,"Unit 19B, Broadway Plaza","broadway plaza, birmingham | b16 8lp,unit 19b, broadway plaza,"
58152,PROPERTY,Unit 124,SC,true,To Let,,,2021-03-09T15:31:50,2016-06-09T17:07:43,"210a Parade, Sutton Coldfield | B72 1PA",52.5621986,-1.8249,3989,"Unit 124, Gracechurch Centre","210a parade, sutton coldfield | b72 1pa,unit 124, gracechurch centre,"
58944,PROPERTY,Unit 11,SC,false,To Let,130000,,2020-10-12T10:03:04,2014-06-23T15:37:17,"Church Road, Yardley | B25 8UJ",52.4621773,-1.8144622,6697,"Unit 11, Swan Shopping Centre","church road, yardley | b25 8uj,unit 11, swan shopping centre,"
58945,PROPERTY,Unit 12,SC,false,To Let,37500,,2020-10-12T10:10:06,2014-06-23T15:37:42,"Church Road, Yardley | B25 8UJ",52.4621773,-1.8144622,1550,"Unit 12, Swan Shopping Centre","church road, yardley | b25 8uj,unit 12, swan shopping centre,"
59556,PROPERTY,Unit A,RW,false,To Let,,,2017-02-13T07:58:50,2014-08-07T10:50:48,"Wolverhampton Road,, Oldbury | B69 2BD",52.4944878,-2.0215402,19375,"Unit A, Oldbury Retail Park","wolverhampton road,, oldbury | b69 2bd,unit a, oldbury retail park,"
59557,PROPERTY,Unit B,RW,false,To Let,,,2017-02-13T07:58:50,2014-08-07T10:51:08,"Wolverhampton Road,, Oldbury | B69 2BD",52.4944878,-2.0215402,8611,"Unit B, Oldbury Retail Park","wolverhampton road,, oldbury | b69 2bd,unit b, oldbury retail park,"
61276,PROPERTY,Unit 209,SC,true,To Let,45000,,2021-03-09T15:31:50,2015-01-08T15:43:13,"210a Parade, Sutton Coldfield | B72 1PA",52.5621986,-1.8249,,"Unit 209, Gracechurch Centre","210a parade, sutton coldfield | b72 1pa,unit 209, gracechurch centre,"
62926,PROPERTY,3,SC,false,To Let,,,2017-05-29T01:20:03,2015-04-10T10:17:22,"New Street, Birmingham | B2 5AE",52.4793549,-1.898124,7154,"3, Caxtongate","new street, birmingham | b2 5ae,3, caxtongate,"
63111,PROPERTY,Unit 35-37,SC,false,Under Offer,,,2017-02-13T07:59:21,2015-09-28T10:20:49,"Lower Parade, Sutton Coldfield | B72 1XX",52.5629005,-1.8229001,6882,"Unit 35-37, The Red Rose Centre","lower parade, sutton coldfield | b72 1xx,unit 35-37, the red rose centre,"
63237,PROPERTY,Unit 16,SC,false,To Let,,,2019-04-10T10:11:54,2015-04-25T18:12:45,"Broadway Plaza, Birmingham | B16 8LP",52.4734993,-1.9217,10000,"Unit 16, Broadway Plaza","broadway plaza, birmingham | b16 8lp,unit 16, broadway plaza,"
63964,PROPERTY,Unit 1,RW,false,To Let,,,2020-11-23T15:32:02,2016-08-10T14:27:29,"Fountain Lane, Oldbury | B69 3BH",52.5079384,-2.0158939,12500,"Unit 1, Fountain Retail Park","fountain lane, oldbury | b69 3bh,unit 1, fountain retail park,"
63965,PROPERTY,Unit 2,RW,false,To Let,,,2020-11-23T15:32:02,2016-08-10T14:28:25,"Fountain Lane, Oldbury | B69 3BH",52.5079384,-2.0158939,10000,"Unit 2, Fountain Retail Park","fountain lane, oldbury | b69 3bh,unit 2, fountain retail park,"
63966,PROPERTY,Unit 3,RW,false,To Let,,,2020-11-23T15:32:02,2016-08-10T14:29:21,"Fountain Lane, Oldbury | B69 3BH",52.5079384,-2.0158939,12500,"Unit 3, Fountain Retail Park","fountain lane, oldbury | b69 3bh,unit 3, fountain retail park,"
63967,PROPERTY,Unit 4,RW,false,To Let,,,2020-11-23T15:32:02,2016-08-10T14:29:50,"Fountain Lane, Oldbury | B69 3BH",52.5079384,-2.0158939,9500,"Unit 4, Fountain Retail Park","fountain lane, oldbury | b69 3bh,unit 4, fountain retail park,"
63968,PROPERTY,Unit 5,RW,false,To Let,,,2020-11-23T15:32:02,2016-08-10T14:31:09,"Fountain Lane, Oldbury | B69 3BH",52.5079384,-2.0158939,5000,"Unit 5, Fountain Retail Park","fountain lane, oldbury | b69 3bh,unit 5, fountain retail park,"
63969,PROPERTY,Unit 6,RW,false,To Let,,,2020-11-23T15:32:02,2016-08-10T14:31:52,"Fountain Lane, Oldbury | B69 3BH",52.5079384,-2.0158939,20000,"Unit 6, Fountain Retail Park","fountain lane, oldbury | b69 3bh,unit 6, fountain retail park,"
63970,PROPERTY,Unit 7,RW,false,To Let,,,2020-11-23T15:32:02,2016-08-10T14:32:27,"Fountain Lane, Oldbury | B69 3BH",52.5079384,-2.0158939,10000,"Unit 7, Fountain Retail Park","fountain lane, oldbury | b69 3bh,unit 7, fountain retail park,"
63971,PROPERTY,Unit 8,RW,false,To Let,,,2020-11-23T15:32:02,2016-08-10T14:32:59,"Fountain Lane, Oldbury | B69 3BH",52.5079384,-2.0158939,3400,"Unit 8, Fountain Retail Park","fountain lane, oldbury | b69 3bh,unit 8, fountain retail park,"
63972,PROPERTY,Unit 9,RW,false,To Let,,,2020-11-23T15:32:02,2016-08-10T14:33:53,"Fountain Lane, Oldbury | B69 3BH",52.5079384,-2.0158939,3400,"Unit 9, Fountain Retail Park","fountain lane, oldbury | b69 3bh,unit 9, fountain retail park,"
63973,PROPERTY,Unit 10,RW,false,To Let,,,2020-11-23T15:32:02,2016-08-10T14:34:26,"Fountain Lane, Oldbury | B69 3BH",52.5079384,-2.0158939,5000,"Unit 10, Fountain Retail Park","fountain lane, oldbury | b69 3bh,unit 10, fountain retail park,"
64502,PROPERTY,Unit 70,SC,false,To Let,33500,,2019-04-17T16:22:42,2015-06-23T14:28:57,"Kings Square, West Bromwich | B70 7NN",52.5175018,-1.9933,,"Unit 70, Kings Square Sandwell Centre","kings square, west bromwich | b70 7nn,unit 70, kings square sandwell centre,"
64940,PROPERTY,15 Mill Lane,SC,false,Under Offer,125000,,2017-09-04T13:18:22,2015-07-27T15:58:47,"Drury Lane, Solihull | B91 3BG",52.413723,-1.7764558,,"15 Mill Lane, Mell Square","drury lane, solihull | b91 3bg,15 mill lane, mell square,"
65147,PROPERTY,Suite A Eldon House,SC,false,To Let,,,2017-08-17T12:04:01,2015-08-07T13:04:00,"High Street, Erdington, Erdington | B23 6RY",52.5238991,-1.8385,496,"Suite A Eldon House, Central Square Shopping Centre","high street, erdington, erdington | b23 6ry,suite a eldon house, central square shopping centre,"
65663,PROPERTY,Unit 3,RW,false,To Let,100000,,2020-02-03T11:53:23,2015-09-10T13:00:35,"Watson Road, Birmingham | B7 5SA",52.5055008,-1.8565,4019,"Unit 3, Star City","watson road, birmingham | b7 5sa,unit 3, star city,"
65664,PROPERTY,Unit 9,RW,false,To Let,,,2020-02-03T11:53:00,2015-09-10T13:00:35,"Watson Road, Birmingham | B7 5SA",52.5055008,-1.8565,7820,"Unit 9, Star City","watson road, birmingham | b7 5sa,unit 9, star city,"
66569,PROPERTY,Unit 10,RW,false,To Let,,,2021-02-09T13:15:31,2015-11-13T09:44:06,West Bromwich | B70 1PP,52.5195198,-1.9922121,9982,"Unit 10, New Square","west bromwich | b70 1pp,unit 10, new square,"
66583,PROPERTY,Unit 23,RW,false,To Let,,,2021-02-09T13:14:39,2015-11-13T09:49:36,West Bromwich | B70 1PP,52.5195198,-1.9922121,5840,"Unit 23, New Square","west bromwich | b70 1pp,unit 23, new square,"
66592,PROPERTY,Unit 32,RW,false,To Let,43000,,2021-02-09T13:17:24,2015-11-13T09:52:57,West Bromwich | B70 1PP,52.5195198,-1.9922121,2409,"Unit 32, New Square","west bromwich | b70 1pp,unit 32, new square,"
66594,PROPERTY,(A2) 1,RW,false,To Let,14000,,2021-02-09T13:16:30,2015-11-13T10:00:28,West Bromwich | B70 1PP,52.5195198,-1.9922121,379,"(A2) 1, New Square","west bromwich | b70 1pp,(a2) 1, new square,"
67185,PROPERTY,Unit 1,RW,false,To Let,,,2020-02-25T15:00:04,2016-02-03T10:11:46,"Apex Retail Park, Birmingham | B12 0EB",52.4642448,-1.885017,20000,"Unit 1, Apex Retail Park","apex retail park, birmingham | b12 0eb,unit 1, apex retail park,"
67195,PROPERTY,2C,RW,false,To Let,,,2021-02-09T09:49:12,2016-02-03T12:02:11,"Walsall Road, Birmingham | B42 1AA",52.5182991,-1.9040999,5541,"2C, One Stop Shopping Centre & Retail Park","walsall road, birmingham | b42 1aa,2c, one stop shopping centre & retail park,"
67210,PROPERTY,14a,RW,false,To Let,,,2021-02-09T09:49:12,2016-02-03T12:07:23,"Walsall Road, Birmingham | B42 1AA",52.5182991,-1.9040999,2212,"14a, One Stop Shopping Centre & Retail Park","walsall road, birmingham | b42 1aa,14a, one stop shopping centre & retail park,"
67231,PROPERTY,27,RW,false,To Let,,,2021-02-09T09:49:12,2016-02-03T12:14:57,"Walsall Road, Birmingham | B42 1AA",52.5182991,-1.9040999,1785,"27, One Stop Shopping Centre & Retail Park","walsall road, birmingham | b42 1aa,27, one stop shopping centre & retail park,"
67237,PROPERTY,34B,RW,false,To Let,,,2021-02-09T09:49:12,2016-02-03T12:16:32,"Walsall Road, Birmingham | B42 1AA",52.5182991,-1.9040999,800,"34B, One Stop Shopping Centre & Retail Park","walsall road, birmingham | b42 1aa,34b, one stop shopping centre & retail park,"
68081,PROPERTY,Unit 11,RW,false,To Let,,,2020-11-23T15:32:02,2016-08-10T14:35:03,"Fountain Lane, Oldbury | B69 3BH",52.5079384,-2.0158939,20000,"Unit 11, Fountain Retail Park","fountain lane, oldbury | b69 3bh,unit 11, fountain retail park,"
68782,PROPERTY,Unit 84 - 88  The Parade,SC,true,To Let,,,2021-03-09T15:31:50,2016-05-12T11:22:54,"210a Parade, Sutton Coldfield | B72 1PA",52.5621986,-1.8249,,"Unit 84 - 88  The Parade, Gracechurch Centre","210a parade, sutton coldfield | b72 1pa,unit 84 - 88  the parade, gracechurch centre,"
68783,PROPERTY,Unit 96-100,SC,true,To Let,,,2021-03-09T15:31:50,2016-05-12T11:23:29,"210a Parade, Sutton Coldfield | B72 1PA",52.5621986,-1.8249,13328,"Unit 96-100, Gracechurch Centre","210a parade, sutton coldfield | b72 1pa,unit 96-100, gracechurch centre,"
68784,PROPERTY,Unit 106,SC,true,To Let,,,2021-03-09T15:31:50,2016-05-12T12:08:36,"210a Parade, Sutton Coldfield | B72 1PA",52.5621986,-1.8249,,"Unit 106, Gracechurch Centre","210a parade, sutton coldfield | b72 1pa,unit 106, gracechurch centre,"
68787,PROPERTY,Unit 114,SC,true,To Let,65000,,2021-03-09T15:31:50,2016-05-12T12:12:18,"210a Parade, Sutton Coldfield | B72 1PA",52.5621986,-1.8249,2344,"Unit 114, Gracechurch Centre","210a parade, sutton coldfield | b72 1pa,unit 114, gracechurch centre,"
68797,PROPERTY,"Unit 78, The Parade",SC,true,To Let,,,2021-03-09T15:31:50,2016-05-12T12:47:46,"210a Parade, Sutton Coldfield | B72 1PA",52.5621986,-1.8249,821,"Unit 78, The Parade, Gracechurch Centre","210a parade, sutton coldfield | b72 1pa,unit 78, the parade, gracechurch centre,"
68803,PROPERTY,"Unit 60, The Parade",SC,true,To Let,75000,,2021-03-09T15:31:50,2016-06-17T14:47:10,"210a Parade, Sutton Coldfield | B72 1PA",52.5621986,-1.8249,1288,"Unit 60, The Parade, Gracechurch Centre","210a parade, sutton coldfield | b72 1pa,unit 60, the parade, gracechurch centre,"
68806,PROPERTY,Unit 186,SC,true,To Let,96500,,2021-03-09T15:31:50,2016-06-17T14:43:51,"210a Parade, Sutton Coldfield | B72 1PA",52.5621986,-1.8249,,"Unit 186, Gracechurch Centre","210a parade, sutton coldfield | b72 1pa,unit 186, gracechurch centre,"
68809,PROPERTY,"Unit 28, The Parade",SC,true,To Let,50000,,2021-03-09T15:31:50,2016-05-12T14:28:19,"210a Parade, Sutton Coldfield | B72 1PA",52.5621986,-1.8249,839,"Unit 28, The Parade, Gracechurch Centre","210a parade, sutton coldfield | b72 1pa,unit 28, the parade, gracechurch centre,"
68810,PROPERTY,"Unit 24, The Parade",SC,true,To Let,,,2021-03-09T15:31:50,2016-05-12T14:29:31,"210a Parade, Sutton Coldfield | B72 1PA",52.5621986,-1.8249,841,"Unit 24, The Parade, Gracechurch Centre","210a parade, sutton coldfield | b72 1pa,unit 24, the parade, gracechurch centre,"
68812,PROPERTY,Unit 176,SC,true,To Let,,,2021-03-09T15:31:50,2016-06-17T14:43:12,"210a Parade, Sutton Coldfield | B72 1PA",52.5621986,-1.8249,,"Unit 176, Gracechurch Centre","210a parade, sutton coldfield | b72 1pa,unit 176, gracechurch centre,"
68816,PROPERTY,,SC,true,To Let,,,2021-03-09T15:31:50,2016-05-12T14:34:25,"210a Parade, Sutton Coldfield | B72 1PA",52.5621986,-1.8249,,", Gracechurch Centre","210a parade, sutton coldfield | b72 1pa,, gracechurch centre,"
68820,PROPERTY,"Unit 14-20, The Parade",SC,true,To Let,,,2021-03-09T15:31:50,2016-06-17T14:51:47,"210a Parade, Sutton Coldfield | B72 1PA",52.5621986,-1.8249,50251,"Unit 14-20, The Parade, Gracechurch Centre","210a parade, sutton coldfield | b72 1pa,unit 14-20, the parade, gracechurch centre,"
68825,PROPERTY,Unit 104,SC,true,To Let,50000,,2021-03-09T15:31:50,2016-06-17T14:50:42,"210a Parade, Sutton Coldfield | B72 1PA",52.5621986,-1.8249,746,"Unit 104, Gracechurch Centre","210a parade, sutton coldfield | b72 1pa,unit 104, gracechurch centre,"
68826,PROPERTY,Unit 214,SC,true,To Let,45000,,2021-03-09T15:31:50,2016-06-17T14:50:57,"210a Parade, Sutton Coldfield | B72 1PA",52.5621986,-1.8249,858,"Unit 214, Gracechurch Centre","210a parade, sutton coldfield | b72 1pa,unit 214, gracechurch centre,"
69004,PROPERTY,234 High Street,HS,false,Under Offer,40000,,2017-02-13T08:00:20,2016-05-26T13:38:17,"234 High Street, Dudley | DY1 1PQ",52.510746,-2.0823121,,234 High Street,"234 high street, dudley | dy1 1pq,234 high street,"
69671,PROPERTY,Unit 12,SC,true,To Let,,,2019-04-04T11:46:25,2016-07-29T16:31:20,Birmingham | B2 4LP,52.479351,-1.8980963,652,"Unit 12, Caxtongate","birmingham | b2 4lp,unit 12, caxtongate,"
69896,PROPERTY,4 Maple Walk,SC,false,To Let,,,2017-03-02T14:32:28,2016-08-11T13:02:02,Birmingham | B37 5TT,52.4797859,-1.7394971,992,"4 Maple Walk, Chelmsley Wood Shopping Centre","birmingham | b37 5tt,4 maple walk, chelmsley wood shopping centre,"
93269,PROPERTY,PE5,SC,false,Under Offer,,,2019-12-13T09:51:45,2016-09-08T13:25:10,Birmingham | B2 4BW,52.47866,-1.8985683,509,"PE5, Grand Central","birmingham | b2 4bw,pe5, grand central,"
93270,PROPERTY,PE7,SC,false,Under Offer,,,2019-12-13T09:51:45,2016-09-08T13:25:10,Birmingham | B2 4BW,52.47866,-1.8985683,70,"PE7, Grand Central","birmingham | b2 4bw,pe7, grand central,"
93324,PROPERTY,"Unit 90, Corporation Street",SC,true,To Let,30000,,2019-08-21T17:12:49,2016-09-09T15:56:22,"Priory Walk, Birmingham | B4 7LJ",52.4814034,-1.894482,5028,"Unit 90, Corporation Street, Martineau Galleries","priory walk, birmingham | b4 7lj,unit 90, corporation street, martineau galleries,"
93325,PROPERTY,"Unit 92, Corporation Street",SC,true,To Let,,,2019-08-21T17:12:49,2016-09-09T15:56:22,"Priory Walk, Birmingham | B4 7LJ",52.4814034,-1.894482,6994,"Unit 92, Corporation Street, Martineau Galleries","priory walk, birmingham | b4 7lj,unit 92, corporation street, martineau galleries,"
93327,PROPERTY,"Unit 94-100, Corporation Street",SC,true,To Let,,,2019-08-21T17:12:49,2016-09-09T15:56:22,"Priory Walk, Birmingham | B4 7LJ",52.4814034,-1.894482,,"Unit 94-100, Corporation Street, Martineau Galleries","priory walk, birmingham | b4 7lj,unit 94-100, corporation street, martineau galleries,"
93337,PROPERTY,"Unit 6, Dalton Way",SC,true,To Let,,,2019-12-20T10:48:24,2016-09-09T15:56:22,"Priory Walk, Birmingham | B4 7LJ",52.4814034,-1.894482,,"Unit 6, Dalton Way, Martineau Galleries","priory walk, birmingham | b4 7lj,unit 6, dalton way, martineau galleries,"
93361,PROPERTY,"Unit 1, Ground Floor",SC,true,To Let,,,2019-08-21T17:12:49,2016-09-09T15:56:24,"Priory Walk, Birmingham | B4 7LJ",52.4814034,-1.894482,10305,"Unit 1, Ground Floor, Martineau Galleries","priory walk, birmingham | b4 7lj,unit 1, ground floor, martineau galleries,"
93379,PROPERTY,"Unit 120, Corporation Street (Second Floor)",SC,true,To Let,,,2019-08-21T17:12:49,2016-09-12T10:43:31,"Priory Walk, Birmingham | B4 7LJ",52.4814034,-1.894482,14486,"Unit 120, Corporation Street (Second Floor), Martineau Galleries","priory walk, birmingham | b4 7lj,unit 120, corporation street (second floor), martineau galleries,"
95783,PROPERTY,Unit 12,RW,false,To Let,,,2020-11-23T15:32:02,2017-02-13T16:49:50,"Fountain Lane, Oldbury | B69 3BH",52.5079384,-2.0158939,2200,"Unit 12, Fountain Retail Park","fountain lane, oldbury | b69 3bh,unit 12, fountain retail park,"
95784,PROPERTY,Unit 13,RW,false,To Let,,,2020-11-23T15:32:02,2017-02-13T16:50:06,"Fountain Lane, Oldbury | B69 3BH",52.5079384,-2.0158939,2700,"Unit 13, Fountain Retail Park","fountain lane, oldbury | b69 3bh,unit 13, fountain retail park,"
95785,PROPERTY,Unit 14,RW,false,To Let,,,2020-11-23T15:32:02,2017-02-13T16:50:20,"Fountain Lane, Oldbury | B69 3BH",52.5079384,-2.0158939,3500,"Unit 14, Fountain Retail Park","fountain lane, oldbury | b69 3bh,unit 14, fountain retail park,"
95786,PROPERTY,Unit 15,RW,false,To Let,,,2020-11-23T15:32:02,2017-02-13T16:50:36,"Fountain Lane, Oldbury | B69 3BH",52.5079384,-2.0158939,1750,"Unit 15, Fountain Retail Park","fountain lane, oldbury | b69 3bh,unit 15, fountain retail park,"
95787,PROPERTY,Unit 16,RW,false,To Let,,,2020-11-23T15:32:02,2017-02-13T16:50:47,"Fountain Lane, Oldbury | B69 3BH",52.5079384,-2.0158939,1750,"Unit 16, Fountain Retail Park","fountain lane, oldbury | b69 3bh,unit 16, fountain retail park,"
95925,PROPERTY,Unit 1,RW,false,To Let,,,2019-11-25T17:28:50,2017-02-22T11:31:01,"High Street, Birmingham | B5 6DY",52.475747,-1.8875485,8392,"Unit 1, 93 High Street","high street, birmingham | b5 6dy,unit 1, 93 high street,"
96034,PROPERTY,"Unit 41-43,  The Red Rose Centre",SC,false,To Let,45000,,2019-04-11T16:40:53,-0001-11-30T00:00:00,"Lower Parade, Sutton Coldfield | B72 1XX",52.534961073,-1.95410918,,"Unit 41-43,  The Red Rose Centre","lower parade, sutton coldfield | b72 1xx,unit 41-43,  the red rose centre,"
96671,PROPERTY,91 Kings Square,SC,false,To Let,50000,,2019-04-17T16:21:39,-0001-11-30T00:00:00,"Kings Square, West Bromwich | B70 7NN",52.5175018,-1.9933,,"91 Kings Square, Kings Square Sandwell Centre","kings square, west bromwich | b70 7nn,91 kings square, kings square sandwell centre,"
96859,PROPERTY,"680-684 Warwick Road, Solihull",SC,false,Under Offer,65000,,2017-07-26T05:49:08,-0001-11-30T00:00:00,"Warwick Road, Solihull | B91 3DX",52.4147822,-1.7772442,,"680-684 Warwick Road, Solihull","warwick road, solihull | b91 3dx,680-684 warwick road, solihull,"
96873,PROPERTY,Unit 3,RW,false,To Let,,,2017-08-22T16:14:05,2017-05-16T09:09:10,"Coventry Road, Sheldon | B26 3NX",52.450969415,-1.779620808,3400,"Unit 3, Sheldon Retail Park","coventry road, sheldon | b26 3nx,unit 3, sheldon retail park,"
96874,PROPERTY,Unit 4,RW,false,To Let,,,2017-08-22T16:14:05,2017-05-16T09:09:30,"Coventry Road, Sheldon | B26 3NX",52.450969415,-1.779620808,3400,"Unit 4, Sheldon Retail Park","coventry road, sheldon | b26 3nx,unit 4, sheldon retail park,"
96875,PROPERTY,Unit 5,RW,false,To Let,,,2017-08-22T16:14:05,2017-05-16T09:09:46,"Coventry Road, Sheldon | B26 3NX",52.450969415,-1.779620808,3400,"Unit 5, Sheldon Retail Park","coventry road, sheldon | b26 3nx,unit 5, sheldon retail park,"
96944,PROPERTY,253a Longmore Road,HS,false,To Let,16000,,2017-07-26T05:49:08,-0001-11-30T00:00:00,"Longmore Road, Shirley | B90 3ER",52.4037887,-1.8115352,387,253a Longmore Road,"longmore road, shirley | b90 3er,253a longmore road,"
97665,PROPERTY,"SU306, Lower Mall, Bull Ring",RW,false,To Let,,,2017-07-26T05:49:13,-0001-11-30T00:00:00,"SU306, Lower Mall, Birmingham | B5 4BA",52.476815,-1.895378,2022,"SU306, Lower Mall, Bull Ring","su306, lower mall, birmingham | b5 4ba,su306, lower mall, bull ring,"
97800,PROPERTY,109,SC,false,To Let,,,2018-03-20T15:40:29,-0001-11-30T00:00:00,"31/32 Wharfside Street, Birmingham | B1 2RE",52.4762001,-1.9044,,"109, Mailbox","31/32 wharfside street, birmingham | b1 2re,109, mailbox,"
98125,PROPERTY,"Unit 202, Gracechurch Centre, Sutton Coldfield",SC,false,To Let,900000,,2019-04-17T14:07:04,-0001-11-30T00:00:00,"Gracechurch Centre, Sutton Coldfield | B72 1PA",52.566667,-1.816667,,"Unit 202, Gracechurch Centre, Sutton Coldfield","gracechurch centre, sutton coldfield | b72 1pa,unit 202, gracechurch centre, sutton coldfield,"
98516,PROPERTY,"67 Park Street, Walsall.",HS,false,To Let,60000,,2019-04-17T14:07:07,-0001-11-30T00:00:00,"67 Park Street, Walsall | WS1 1LY",52.584645673,-1.983097547,,"67 Park Street, Walsall.","67 park street, walsall | ws1 1ly,67 park street, walsall.,"
98651,PROPERTY,Unit 12,RW,false,Under Offer,,,2019-01-16T11:16:11,2017-10-03T15:01:45,"Watson Road, Birmingham | B7 5SA",52.5055008,-1.8565,39443,"Unit 12, Star City","watson road, birmingham | b7 5sa,unit 12, star city,"
98653,PROPERTY,Unit 1FB,RW,false,To Let,,,2019-11-25T12:10:50,2017-10-03T15:04:19,"Watson Road, Birmingham | B7 5SA",52.5055008,-1.8565,23570,"Unit 1FB, Star City","watson road, birmingham | b7 5sa,unit 1fb, star city,"
98689,PROPERTY,"Unit 11, Grand Central",SC,true,To Let,,,2020-10-15T16:58:07,2017-10-04T16:33:28,Birmingham | B5 4BU,52.4777985,-1.8934,,"Unit 11, Grand Central, The Bullring Estate","birmingham | b5 4bu,unit 11, grand central, the bullring estate,"
98708,PROPERTY,"Unit 20, Grand Central",SC,true,To Let,,,2021-01-25T15:18:15,2017-10-04T16:52:40,Birmingham | B5 4BU,52.4777985,-1.8934,,"Unit 20, Grand Central, The Bullring Estate","birmingham | b5 4bu,unit 20, grand central, the bullring estate,"
98731,PROPERTY,"Unit 37, Grand Central",SC,true,Under Offer,,,2020-05-04T14:11:33,2017-10-05T15:28:48,Birmingham | B5 4BU,52.4777985,-1.8934,,"Unit 37, Grand Central, The Bullring Estate","birmingham | b5 4bu,unit 37, grand central, the bullring estate,"
98944,PROPERTY,12 Mill Lane,SC,false,To Let,47500,,2020-12-08T12:20:29,-0001-11-30T00:00:00,"Mell Square Shopping Centre, Solihull | B91 3AX",52.4130376,-1.776959,,12 Mill Lane,"mell square shopping centre, solihull | b91 3ax,12 mill lane,"
99028,PROPERTY,10 Moland Street,HS,false,To Let,25000,,2019-05-16T16:08:29,-0001-11-30T00:00:00,"Moland Street, Birmingham | B4 7AU",52.484811965,-1.899177539,3279,10 Moland Street,"moland street, birmingham | b4 7au,10 moland street,"
99502,PROPERTY,Restaurant 2A,RW,true,To Let,,,2020-02-13T16:02:12,2018-01-05T09:35:01,"Axletree Way, Wednesbury | WS10 9QY",52.5664368,-2.0091736,2500,"Restaurant 2A, Gallagher Shopping Park","axletree way, wednesbury | ws10 9qy,restaurant 2a, gallagher shopping park,"
100268,PROPERTY,8 Poplar Way,SC,false,Under Offer,45000,,2020-02-21T15:38:02,-0001-11-30T00:00:00,"Poplar Way, Solihull | B91 3BX",52.4143874,-1.7776726,,8 Poplar Way,"poplar way, solihull | b91 3bx,8 poplar way,"
101160,PROPERTY,"Strada, The ICC",HS,false,To Let,138500,,2019-04-17T14:07:22,-0001-11-30T00:00:00,"Broad Street, Birmingham | B1 2EA",52.478628,-1.9109397,8463,"Strada, The ICC","broad street, birmingham | b1 2ea,strada, the icc,"
101166,PROPERTY,E3,RW,false,Under Offer,,,2020-01-15T09:18:29,2018-04-26T16:30:50,"Kingsbury Road (A34), Erdington, Erdington | B24 9QB",52.5178299,-1.8024461,5754,"E3, Ravenside Retail Park","kingsbury road (a34), erdington, erdington | b24 9qb,e3, ravenside retail park,"
101167,PROPERTY,H (S.T.P),RW,false,To Let,,,2020-01-15T09:18:29,2018-04-26T16:31:48,"Kingsbury Road (A34), Erdington, Erdington | B24 9QB",52.5178299,-1.8024461,1500,"H (S.T.P), Ravenside Retail Park","kingsbury road (a34), erdington, erdington | b24 9qb,h (s.t.p), ravenside retail park,"
102006,PROPERTY,11,RW,true,To Let,,,2020-02-25T14:07:26,2018-07-05T16:53:45,"Aston Webb Boulevard, Selly Oak, Birmingham | B29 6SN",52.4463501,-1.940457,4500,"11, Selly Oak Shopping Park","aston webb boulevard, selly oak, birmingham | b29 6sn,11, selly oak shopping park,"
102012,PROPERTY,6B,RW,true,To Let,,,2020-02-25T14:05:53,2018-07-05T16:57:13,"Aston Webb Boulevard, Selly Oak, Birmingham | B29 6SN",52.4463501,-1.940457,3500,"6B, Selly Oak Shopping Park","aston webb boulevard, selly oak, birmingham | b29 6sn,6b, selly oak shopping park,"
102159,PROPERTY,Unit B,RW,false,To Let,182500,,2021-03-26T17:31:32,-0001-11-30T00:00:00,"Kingsbury Road (A34), Erdington, Birmingham | B24 9QB",52.5178299,-1.8024461,10000,"Unit B, Ravenside Retail Park","kingsbury road (a34), erdington, birmingham | b24 9qb,unit b, ravenside retail park,"
102215,PROPERTY,The Bank,HS,false,To Let,,,2019-04-17T14:07:29,-0001-11-30T00:00:00,"Sheepcote Street, Birmingham | B15 1AQ",52.475911,-1.914334,5459,The Bank,"sheepcote street, birmingham | b15 1aq,the bank,"
102503,PROPERTY,31,RW,false,To Let,,,2018-08-29T12:40:14,2018-08-29T12:39:44,Birmingham | B31 2TW,52.396838746,-1.983041863,5356,"31, Longbridge Shopping Park","birmingham | b31 2tw,31, longbridge shopping park,"
102519,PROPERTY,Unit 9B1,RW,true,To Let,,,2019-07-30T15:54:20,2018-08-31T10:42:24,Birmingham | B24 9FP,52.5086823,-1.8233714,2185,"Unit 9B1, The Fort Shopping Park","birmingham | b24 9fp,unit 9b1, the fort shopping park,"
102520,PROPERTY,Unit 9B2,RW,true,To Let,,,2019-07-30T15:54:49,2018-08-31T10:42:40,Birmingham | B24 9FP,52.5086823,-1.8233714,1754,"Unit 9B2, The Fort Shopping Park","birmingham | b24 9fp,unit 9b2, the fort shopping park,"
102766,PROPERTY,121 Manor Court,HS,false,To Let,60000,,2021-03-25T11:41:37,-0001-11-30T00:00:00,"Manor Court, Sutton Coldfield | B74 2HE",52.576645,-1.88357,5644,121 Manor Court,"manor court, sutton coldfield | b74 2he,121 manor court,"
102838,PROPERTY,72-74 Smallbrook Queensway,HS,false,To Let,54450,,2019-07-03T15:11:54,-0001-11-30T00:00:00,"Smallbrook Queensway, Birmingham | B5 4EG",52.4762115,-1.8977192,6692,72-74 Smallbrook Queensway,"smallbrook queensway, birmingham | b5 4eg,72-74 smallbrook queensway,"
103111,PROPERTY,33 Drury Lane,HS,false,To Let,32500,,2019-04-23T11:27:05,2016-06-16T10:16:45,"Drury Lane, Solihull | B91 3BP",52.4062004,-1.8035409,1606,33 Drury Lane,"drury lane, solihull | b91 3bp,33 drury lane,"
103178,PROPERTY,7 Cannon Street,HS,false,To Let,65000,,2019-04-08T10:25:25,-0001-11-30T00:00:00,"Cannon Street, Birmingham | B2 5EP",52.4793523,-1.8980963,2003,7 Cannon Street,"cannon street, birmingham | b2 5ep,7 cannon street,"
103179,PROPERTY,2a Cherry Street,HS,false,Under Offer,115000,,2019-07-10T10:48:20,-0001-11-30T00:00:00,"Cherry Street, Birmingham | B2 5AL",52.480688061,-1.897481623,2503,2a Cherry Street,"cherry street, birmingham | b2 5al,2a cherry street,"
104167,PROPERTY,One Colmore Row,HS,false,To Let,,,2019-04-17T14:07:44,-0001-11-30T00:00:00,"One Colmore Row, Birmingham | B3 2BJ",52.482700823,-1.898134854,5685,One Colmore Row,"one colmore row, birmingham | b3 2bj,one colmore row,"
104269,PROPERTY,Birmingham - S17 Martineau Place,SC,false,To Let,,,2019-04-10T11:14:51,-0001-11-30T00:00:00,"S17 Martineau Place, Birmingham | B2 4UU",52.480371,-1.895556,4398,Birmingham - S17 Martineau Place,"s17 martineau place, birmingham | b2 4uu,birmingham - s17 martineau place,"
104347,PROPERTY,"Unit 1, The Bank",HS,false,To Let,,,2019-12-12T15:12:41,-0001-11-30T00:00:00,"Sheepcote Street, Birmingham | B15 1AQ",52.475911,-1.914334,5459,"Unit 1, The Bank","sheepcote street, birmingham | b15 1aq,unit 1, the bank,"
104374,PROPERTY,Unit 13-14,SC,false,To Let,,,2019-12-12T15:41:08,-0001-11-30T00:00:00,"Unit 13-14, Erdington | B23 6RY",52.5238991,-1.8385,5584,"Unit 13-14, Central Square Shopping Centre","unit 13-14, erdington | b23 6ry,unit 13-14, central square shopping centre,"
104379,PROPERTY,"Unit C, 3 Brindleyplace",SC,false,To Let,100000,,2019-04-26T11:24:27,-0001-11-30T00:00:00,"Brindleyplace, Birmingham | B1 2JF",52.4779043,-1.9144725,4884,"Unit C, 3 Brindleyplace, Brindleyplace, Birmingham","brindleyplace, birmingham | b1 2jf,unit c, 3 brindleyplace, brindleyplace, birmingham,"
104381,PROPERTY,Unit 10-12,SC,false,To Let,,,2019-12-12T15:41:08,-0001-11-30T00:00:00,"Central Square, Erdington | B23 6RY",52.5238991,-1.8385,14930,"Unit 10-12, Central Square Shopping Centre","central square, erdington | b23 6ry,unit 10-12, central square shopping centre,"
104388,PROPERTY,1100 Warwick Road,HS,false,To Let,,,2019-11-25T17:28:19,2019-04-29T12:20:26,"Warwick Road, Birmingham | B27 6RH",52.4458008,-1.8200999,2906,"1100 Warwick Road, Acocks Green","warwick road, birmingham | b27 6rh,1100 warwick road, acocks green,"
104389,PROPERTY,1076 Warwick Road,HS,false,To Let,,,2019-04-29T12:37:28,2019-04-29T12:27:27,Birmingham | B27 6RH,52.4458008,-1.8200999,2303,"1076 Warwick Road, Acocks Green","birmingham | b27 6rh,1076 warwick road, acocks green,"
104478,PROPERTY,Unit 1,RW,false,Under Offer,15876,,2019-10-09T12:03:31,2019-05-14T14:11:44,Walsall | WS1 1PU,52.583254507,-1.980462097,1680,"Unit 1, The Quarter","walsall | ws1 1pu,unit 1, the quarter,"
104479,PROPERTY,Unit 2,RW,false,To Let,48195,,2019-09-26T17:05:53,2019-05-14T14:23:02,Walsall | WS1 1PU,52.583254507,-1.980462097,5100,"Unit 2, The Quarter","walsall | ws1 1pu,unit 2, the quarter,"
104481,PROPERTY,Unit 4,RW,false,To Let,51975,,2019-09-26T17:07:13,2019-05-14T14:44:00,Walsall | WS1 1PU,52.583254507,-1.980462097,5500,"Unit 4, The Quarter","walsall | ws1 1pu,unit 4, the quarter,"
104483,PROPERTY,Unit 6,RW,false,To Let,80325,,2019-05-16T12:10:29,2019-05-14T14:49:59,Walsall | WS1 1PU,52.583254507,-1.980462097,8500,"Unit 6, The Quarter","walsall | ws1 1pu,unit 6, the quarter,"
104488,PROPERTY,Unit 10,RW,false,To Let,14175,,2019-09-27T12:03:13,2019-05-14T15:00:58,Walsall | WS1 1PU,52.583254507,-1.980462097,1500,"Unit 10, The Quarter","walsall | ws1 1pu,unit 10, the quarter,"
104489,PROPERTY,Unit 11,RW,false,To Let,14175,,2019-09-30T17:27:29,2019-05-14T15:06:14,Walsall | WS1 1PU,52.583254507,-1.980462097,1500,"Unit 11, The Quarter","walsall | ws1 1pu,unit 11, the quarter,"
104610,PROPERTY,"Unit SU322, Bullring Shopping Centre",SC,false,To Let,245000,,2021-03-18T17:09:39,-0001-11-30T00:00:00,"The Bullring, Birmingham | B5 4DA",52.476455,-1.899238,2028,"Unit SU322, Bullring Shopping Centre","the bullring, birmingham | b5 4da,unit su322, bullring shopping centre,"
104627,PROPERTY,140 New Street,HS,false,Under Offer,320000,,2019-10-07T16:16:53,-0001-11-30T00:00:00,"140 New Street, Birmingham | B2 4NS",52.478709,-1.896812,,140 New Street,"140 new street, birmingham | b2 4ns,140 new street,"
105008,PROPERTY,Former Toys R Us,RW,false,To Let,,,2019-07-24T16:32:11,2019-07-24T16:31:59,"Oakenshaw Rd, Solihull | B90 4QY",52.401580924,-1.817591008,,"Former Toys R Us, Oakenshaw Road – former Toys R Us","oakenshaw rd, solihull | b90 4qy,former toys r us, oakenshaw road – former toys r us,"
105188,PROPERTY,53 Park Street,HS,false,To Let,,,2020-02-14T10:40:17,-0001-11-30T00:00:00,"Park Street, Walsall | WS1 1NH",52.5849193,-1.9843336,58748,53 Park Street,"park street, walsall | ws1 1nh,53 park street,"
105222,PROPERTY,"32-40 Parade, Gracechurch Centre",SC,false,To Let,,,2021-01-28T11:10:47,-0001-11-30T00:00:00,"Gracechurch Centre, Sutton Coldfield | B72 1PD",52.562656006,-1.824246971,68400,"32-40 Parade, Gracechurch Centre","gracechurch centre, sutton coldfield | b72 1pd,32-40 parade, gracechurch centre,"
105452,PROPERTY,9-11 Park Street,HS,false,To Let,90000,,2019-10-29T10:58:49,-0001-11-30T00:00:00,"Park Street, Walsall | WS1 1QS",52.5842755,-1.9829013,9296,9-11 Park Street,"park street, walsall | ws1 1qs,9-11 park street,"
105567,PROPERTY,281 Stratford Road,HS,false,For Sale,,,2019-11-11T14:47:30,2019-11-11T13:07:39,"Stratford Road, Shirley | B90 3AP",52.409746723,-1.824978817,34024,"281 Stratford Road, WM Morrison Supermarket - Shirley","stratford road, shirley | b90 3ap,281 stratford road, wm morrison supermarket - shirley,"
105614,PROPERTY,"Poplar Rd/Warwick Rd, Solihull, B91 3DX",HS,false,To Let,,,2019-11-18T18:22:28,-0001-11-30T00:00:00,"Warwick Road, Solihull | B91 3DX",52.415063497,-1.778319089,,"Poplar Rd/Warwick Rd, Solihull, B91 3DX","warwick road, solihull | b91 3dx,poplar rd/warwick rd, solihull, b91 3dx,"
105869,PROPERTY,141 New Street,HS,false,To Let,225000,,2020-01-22T12:44:45,-0001-11-30T00:00:00,"141 New Street, Birmingham | B2 4NS",52.478709,-1.896812,,141 New Street,"141 new street, birmingham | b2 4ns,141 new street,"
105975,PROPERTY,Unit To Let,RW,false,To Let,,,2020-02-17T11:13:08,2020-02-07T09:31:38,"Well Lane, Wolverhampton | WV11 1TB",52.595830574,-2.081956444,50514,"Unit To Let, Former Trampoline and High Rope Centre","well lane, wolverhampton | wv11 1tb,unit to let, former trampoline and high rope centre,"
106130,PROPERTY,Unit SU33-SU34,LE,false,To Let,12,,2020-03-03T11:07:04,-0001-11-30T00:00:00,"Resorts World, Birmingham | B40 1PU",52.44797489,-1.717408289,2550,"Unit SU33-SU34, Resorts World Birmingham","resorts world, birmingham | b40 1pu,unit su33-su34, resorts world birmingham,"
106142,PROPERTY,"17 Mill Lane, Mell Square, Solihull",SC,false,To Let,85000,,2020-12-10T17:31:35,-0001-11-30T00:00:00,"Mill Lane, Solihull | B91 3AR",52.413398,-1.7774129,,"17 Mill Lane, Mell Square, Solihull","mill lane, solihull | b91 3ar,17 mill lane, mell square, solihull,"
106433,PROPERTY,Unit 15B,RW,true,To Let,146000,,2020-04-16T10:09:48,2013-04-23T15:00:45,Birmingham | B24 9FP,52.5086823,-1.8233714,2338,"Unit 15B, The Fort Shopping Park","birmingham | b24 9fp,unit 15b, the fort shopping park,"
106447,PROPERTY,Unit A,RW,false,To Let,55000,,2020-04-15T12:54:05,-0001-11-30T00:00:00,"Oldbury Ringway, Oldbury | B69 3DD",52.5042992,-2.0209999,2142,"Unit A, Oldbury Green Retail Park","oldbury ringway, oldbury | b69 3dd,unit a, oldbury green retail park,"
106455,PROPERTY,Unit 4,RW,false,To Let,48150,,2020-04-15T14:47:27,2011-09-16T19:35:53,"Reedswood Way, Walsall | WS2 8XA",52.5960999,-2.0016999,2003,"Unit 4, Reedswood Retail Park","reedswood way, walsall | ws2 8xa,unit 4, reedswood retail park,"
106459,PROPERTY,612/614 Bearwood Road,HS,false,To Let,,,2020-11-05T16:57:40,-0001-11-30T00:00:00,"Bearwood Road, Smethwick | B66 4BW",52.4730127,-1.9689244,,612/614 Bearwood Road,"bearwood road, smethwick | b66 4bw,612/614 bearwood road,"
106869,PROPERTY,"35-37 HIGH STREET, DUDLEY, DY1 1PJ",HS,false,Under Offer,40000,425000,2020-11-10T12:16:49,-0001-11-30T00:00:00,"High Street, Dudley | DY1 1PN",52.5101236,-2.0824091,,"35-37 HIGH STREET, DUDLEY, DY1 1PJ","high street, dudley | dy1 1pn,35-37 high street, dudley, dy1 1pj,"
107046,PROPERTY,"620 Kingsbury Road, Erdington",HS,false,To Let,13400,,2021-03-30T13:01:33,-0001-11-30T00:00:00,"620 Kingsbury Road, Erdington | B24 9PJ",52.517343,-1.821275,1010,"620 Kingsbury Road, Erdington","620 kingsbury road, erdington | b24 9pj,620 kingsbury road, erdington,"
107089,PROPERTY,"FIRST FLOOR, 59-65 MILL LANE, SOLIHULL",HS,false,Under Offer,45000,,2021-03-29T12:49:21,-0001-11-30T00:00:00,"Mill Lane, Solihull | B91 3AT",52.4146568,-1.7762492,,"FIRST FLOOR, 59-65 MILL LANE, SOLIHULL","mill lane, solihull | b91 3at,first floor, 59-65 mill lane, solihull,"
107113,PROPERTY,8 popular way,HS,false,To Let,45000,,2021-03-02T14:14:59,-0001-11-30T00:00:00,"8 Popular Way, Solihull | B91 3BX",52.414406,-1.777937,1923,8 popular way,"8 popular way, solihull | b91 3bx,8 popular way,"
107119,PROPERTY,8 Poplar Way,SC,false,To Let,45000,,2020-11-12T13:45:40,-0001-11-30T00:00:00,"Poplar Way, Solihull | B91 3BX",52.4143874,-1.7776726,,8 Poplar Way,"poplar way, solihull | b91 3bx,8 poplar way,"
107120,PROPERTY,10-12 Mell Square,HS,false,To Let,,,2020-12-07T13:10:16,-0001-11-30T00:00:00,"Mell Square, Solihull | B91 3AY",52.413944,-1.7761458,,10-12 Mell Square,"mell square, solihull | b91 3ay,10-12 mell square,"
107122,PROPERTY,39 Drury Lane,HS,false,To Let,,,2020-12-07T11:58:15,-0001-11-30T00:00:00,"Drury Lane, Solihull | B91 3BP",52.41406,-1.775469,,39 Drury Lane,"drury lane, solihull | b91 3bp,39 drury lane,"
107123,PROPERTY,50 Drury Lane,HS,false,To Let,,,2020-12-07T12:38:56,-0001-11-30T00:00:00,"Drury Lane, Solihull | B91 3BP",52.41406,-1.775469,,50 Drury Lane,"drury lane, solihull | b91 3bp,50 drury lane,"
107178,PROPERTY,98 High Street,HS,false,To Let,12500,,2021-03-23T11:57:01,-0001-11-30T00:00:00,"High Street, Wednesfield | WV11 1SZ",52.599856,-2.082217,1291,98 High Street,"high street, wednesfield | wv11 1sz,98 high street,"
107183,PROPERTY,44 King Street,HS,false,To Let,17000,,2021-03-23T11:57:44,-0001-11-30T00:00:00,"King Street, Wednesbury | WS10 8DE",52.567741,-2.034976,4084,44 King Street,"king street, wednesbury | ws10 8de,44 king street,"
107244,PROPERTY,"14 MILL LANE, MELL SQUARE SHOPPING CENTRE, SOLIHULL",HS,false,To Let,47500,,2020-11-10T12:39:08,-0001-11-30T00:00:00,"Mill Lane, Solihull | B91 3GS",52.4124038,-1.7793879,,"14 MILL LANE, MELL SQUARE SHOPPING CENTRE, SOLIHULL","mill lane, solihull | b91 3gs,14 mill lane, mell square shopping centre, solihull,"
107270,PROPERTY,"16 Drury Lane, Mell Square Shopping Centre",HS,false,To Let,,,2021-03-02T14:25:25,-0001-11-30T00:00:00,"Drury Lane, Solihull | B91 3BG",52.4127721,-1.7753105,757,"16 Drury Lane, Mell Square Shopping Centre","drury lane, solihull | b91 3bg,16 drury lane, mell square shopping centre,"
107271,PROPERTY,"18 Drury Lane, Mell Square Shopping Centre",HS,false,To Let,25000,,2020-12-08T12:31:17,-0001-11-30T00:00:00,"Drury Lane, Solihull | B91 3BG",52.4127721,-1.7753105,961,"18 Drury Lane, Mell Square Shopping Centre","drury lane, solihull | b91 3bg,18 drury lane, mell square shopping centre,"
107275,PROPERTY,"57 Mill Lane, Mell Square Shopping Centre",HS,false,To Let,,,2020-12-07T12:30:02,-0001-11-30T00:00:00,"Drury Lane, Solihull | B91 3BG",52.4127721,-1.7753105,1273,"57 Mill Lane, Mell Square Shopping Centre","drury lane, solihull | b91 3bg,57 mill lane, mell square shopping centre,"
107351,PROPERTY,"40-42 Drury Lane, Mell Square Shopping Centre",HS,false,To Let,,,2020-12-07T12:45:58,-0001-11-30T00:00:00,"Mell Square, Solihull | B91 3BG",52.4135965,-1.7755677,5056,"40-42 Drury Lane, Mell Square Shopping Centre","mell square, solihull | b91 3bg,40-42 drury lane, mell square shopping centre,"
107443,PROPERTY,"51 MILL LANE, SOLIHULL",SC,false,Under Offer,45000,,2021-03-29T12:49:31,-0001-11-30T00:00:00,"Mill Lane, Solihull | B91 3AT",52.4143236,-1.7765545,,"51 MILL LANE, SOLIHULL","mill lane, solihull | b91 3at,51 mill lane, solihull,"
107447,PROPERTY,"19 DRURY LANE, SOLIHULL",SC,false,To Let,22500,,2020-12-13T14:25:50,-0001-11-30T00:00:00,"Drury Lane, Solihull | B91 3BB",52.4128282,-1.776051,,"19 DRURY LANE, SOLIHULL","drury lane, solihull | b91 3bb,19 drury lane, solihull,"
107527,PROPERTY,Unit 3,RW,false,To Let,,,2021-01-14T14:36:04,2021-01-14T13:39:05,"Maypole Lane, Birmingham | B14 5JF",52.486243,-1.890401,4451,"Unit 3, Maypole Retail Park","maypole lane, birmingham | b14 5jf,unit 3, maypole retail park,"
107528,PROPERTY,Unit 2,RW,false,To Let,,,2021-01-14T14:36:52,2021-01-14T13:57:32,"Chester Road, Castle Bromwich | B36 0LB",52.500579946,-1.761797548,7900,"Unit 2, 280-284 Chester Road","chester road, castle bromwich | b36 0lb,unit 2, 280-284 chester road,"
107532,PROPERTY,1A,RW,false,To Let,,,2021-01-15T09:42:18,2016-06-06T11:36:19,"Princess Alice Retail Park, Sutton Coldfield | B73 6RB",52.5509338,-1.8603027,8648,"1A, Princess Alice Retail Park","princess alice retail park, sutton coldfield | b73 6rb,1a, princess alice retail park,"
108512,PROPERTY,45 Drury Lane,HS,false,To Let,37500,,2021-02-09T15:00:10,2021-02-09T14:43:13,"Drury Lane, Solihull | B91 3BP",52.4137856,-1.7757251,,45 Drury Lane,"drury lane, solihull | b91 3bp,45 drury lane,"
108522,PROPERTY,1 Mell Square,HS,false,To Let,,,2021-02-09T22:12:37,2021-02-09T21:56:34,"Solihull, Solihull | B91 3AZ",52.413306,-1.776399,,1 Mell Square,"solihull, solihull | b91 3az,1 mell square,"
108642,PROPERTY,33-35 Langley High Street,HS,false,To Let,,,2021-02-16T07:42:46,2021-02-16T07:42:38,Oldbury | B69 4SN,52.49119,-2.01249,,33-35 Langley High Street,"oldbury | b69 4sn,33-35 langley high street,"
108643,PROPERTY,22a High Street,HS,false,To Let,,,2021-02-16T07:42:55,2021-02-16T07:42:47,Rowley Regis | B65 0DT,52.47543,-2.04013,,22a High Street,"rowley regis | b65 0dt,22a high street,"
108644,PROPERTY,139 Dunster Road,HS,false,To Let,,,2021-02-16T07:43:04,2021-02-16T07:42:56,Birmingham | B37 7TS,52.4804,-1.73004,,139 Dunster Road,"birmingham | b37 7ts,139 dunster road,"
108654,PROPERTY,5 Church Street,HS,false,To Let,,,2021-02-16T07:44:34,2021-02-16T07:44:26,Oldbury | B69 3AD,52.50423,-2.01592,,5 Church Street,"oldbury | b69 3ad,5 church street,"
108942,PROPERTY,7 Mill Lane,HS,false,To Let,,,2021-02-22T13:04:26,2021-02-22T12:52:49,"Mill Lane, Solihull | B91 3AX",52.4132049,-1.7770715,,7 Mill Lane,"mill lane, solihull | b91 3ax,7 mill lane,"
109444,PROPERTY,The Mailbox,HS,false,To Let,,,2021-03-12T16:06:52,2021-03-12T15:46:38,"63 Wharfside Street, Birmingham | B1 1XL",52.476306235,-1.904376364,5000,The Mailbox,"63 wharfside street, birmingham | b1 1xl,the mailbox,"
109490,PROPERTY,227-229 High Street,HS,false,To Let,,,2021-03-12T16:06:52,2021-03-12T15:52:26,West Bromwich | B70 7NG,52.518671032,-1.991891749,3883,227-229 High Street,"west bromwich | b70 7ng,227-229 high street,"
109499,PROPERTY,1660 High Street Knowle,HS,false,Under Offer,,,2021-03-12T16:06:52,2021-03-12T15:52:53,Solihull | B93 0LY,52.387636997,-1.7341007,2217.5,1660 High Street Knowle,"solihull | b93 0ly,1660 high street knowle,"
109550,PROPERTY,Unit 2,LE,false,To Let,,,2021-03-12T16:06:53,2021-03-12T15:54:16,"Waterside Place, Walsall | WS2 9LB",52.585133846,-1.986359396,4221,Unit 2,"waterside place, walsall | ws2 9lb,unit 2,"
109551,PROPERTY,134B New Street,HS,false,To Let,,,2021-03-12T16:06:53,2021-03-12T15:54:19,Birmingham | B2 4QJ,52.478593444,-1.896944454,3406,134B New Street,"birmingham | b2 4qj,134b new street,"
109585,PROPERTY,The Basement,LE,false,Under Offer,,,2021-03-12T16:06:53,2021-03-12T15:55:44,"95 Spencer Street, Birmingham | B18 6DA",52.489789114,-1.911704876,2141,The Basement,"95 spencer street, birmingham | b18 6da,the basement,"
109593,PROPERTY,59-65 John Bright Street,LE,false,To Let,,,2021-03-12T16:06:53,2021-03-12T15:56:28,Birmingham | B1 1BL,52.476664452,-1.901513182,5015,59-65 John Bright Street,"birmingham | b1 1bl,59-65 john bright street,"
109595,PROPERTY,JARVIS GEORGE HOTEL,HS,false,To Let,,,2021-03-12T16:06:53,2021-03-12T15:56:31,"THE SQUARE, Solihull | B91 3RF",52.411798966,-1.775561275,1656,JARVIS GEORGE HOTEL,"the square, solihull | b91 3rf,jarvis george hotel,"
109604,PROPERTY,37-39 PARK STREET,HS,false,To Let,,,2021-03-12T16:06:53,2021-03-12T15:56:55,Walsall | WS1 1LY,52.584605083,-1.983217216,1731,37-39 PARK STREET,"walsall | ws1 1ly,37-39 park street,"
109651,PROPERTY,72-74 SMALLBROOK QUEENSWAY,HS,false,To Let,,,2021-03-12T16:06:54,2021-03-12T15:58:48,Birmingham | B5 4EG,52.476238527,-1.897524159,6799,72-74 SMALLBROOK QUEENSWAY,"birmingham | b5 4eg,72-74 smallbrook queensway,"
109656,PROPERTY,59-65 John Bright Street,LE,false,Under Offer,,,2021-03-12T16:06:54,2021-03-12T15:59:01,Birmingham | B1 1BL,52.476664452,-1.901513182,5015,59-65 John Bright Street,"birmingham | b1 1bl,59-65 john bright street,"
109665,PROPERTY,,LE,false,Under Offer,,,2021-03-12T15:59:25,2021-03-12T15:59:25,"Brewmasters, Birmingham | B1 2EA",52.478838444,-1.910799185,3642,,"brewmasters, birmingham | b1 2ea,,"
109667,PROPERTY,Brewmasters,LE,false,Under Offer,,,2021-03-12T16:07:02,2021-03-12T16:06:54,"ICC, Birmingham | B1 2EA",52.478838444,-1.910799185,3642,Brewmasters,"icc, birmingham | b1 2ea,brewmasters,"
109668,PROPERTY,Unit 6,RW,false,To Let,,,2021-03-12T16:07:03,2021-03-12T16:07:02,"ICC, Birmingham | B1 2EA",52.478838444,-1.910799185,720,Unit 6,"icc, birmingham | b1 2ea,unit 6,"
109669,PROPERTY,Unit 1A,LE,false,To Let,,,2021-03-12T16:07:12,2021-03-12T16:07:03,"Utilita Arena Birmingham, Birmingham | B1 2AA",52.479893326,-1.914919876,3305,"Unit 1A, Arena Central","utilita arena birmingham, birmingham | b1 2aa,unit 1a, arena central,"
109670,PROPERTY,Various Units,RW,false,To Let,,,2021-03-12T16:07:13,2021-03-12T16:07:12,"National Exhibition Centre, Birmingham | B40 1NT",52.451919912,-1.719631395,6000,Various Units,"national exhibition centre, birmingham | b40 1nt,various units,"
109680,PROPERTY,Unit 18,SC,false,Under Offer,,,2021-03-12T16:07:34,2021-03-12T16:07:33,"Churchill Shopping Centre, Dudley | DY2 7BJ",52.510660353,-2.080602407,1261,"Unit 18, Churchill Shopping Centre","churchill shopping centre, dudley | dy2 7bj,unit 18, churchill shopping centre,"
109681,PROPERTY,Unit 9,SC,false,Under Offer,,,2021-03-12T16:07:36,2021-03-12T16:07:34,"Churchill Shopping Centre, Dudley | DY2 7BL",52.510327671,-2.081125649,1533,"Unit 9, Churchill Shopping Centre","churchill shopping centre, dudley | dy2 7bl,unit 9, churchill shopping centre,"
109682,PROPERTY,Unit 14,SC,false,To Let,,,2021-03-12T16:07:38,2021-03-12T16:07:36,"Churchill Shopping Centre, Dudley | DY2 7BL",52.510327671,-2.081125649,1024,"Unit 14, Churchill Shopping Centre","churchill shopping centre, dudley | dy2 7bl,unit 14, churchill shopping centre,"
109683,PROPERTY,15 Churchill Shopping Centre Dudley,SC,false,To Let,,,2021-03-12T16:07:39,2021-03-12T16:07:38,Dudley | DY2 7BL,52.510327671,-2.081125649,2592,"15 Churchill Shopping Centre Dudley, Churchill Shopping Centre","dudley | dy2 7bl,15 churchill shopping centre dudley, churchill shopping centre,"
109706,PROPERTY,Unit 21,SC,false,To Let,,,2021-03-12T16:08:27,2021-03-12T16:08:26,"20, Walsall | WS1 1YS",52.58443235,-1.984130948,2115,"Unit 21, The Saddlers","20, walsall | ws1 1ys,unit 21, the saddlers,"
109707,PROPERTY,Unit 21,SC,false,To Let,,,2021-03-12T16:08:28,2021-03-12T16:08:27,"20, Walsall | WS1 1YS",52.58443235,-1.984130948,2543,"Unit 21, The Saddlers","20, walsall | ws1 1ys,unit 21, the saddlers,"
109708,PROPERTY,Unit 4,SC,false,To Let,,,2021-03-12T16:08:29,2021-03-12T16:08:28,"21, Walsall | WS1 1YT",52.583910903,-1.983924508,904,"Unit 4, The Saddlers","21, walsall | ws1 1yt,unit 4, the saddlers,"
109709,PROPERTY,Unit 21,SC,false,To Let,,,2021-03-12T16:08:30,2021-03-12T16:08:29,"20, Walsall | WS1 1YS",52.58443235,-1.984130948,1005,"Unit 21, The Saddlers","20, walsall | ws1 1ys,unit 21, the saddlers,"
109710,PROPERTY,Unit 7,SC,false,To Let,,,2021-03-12T16:08:32,2021-03-12T16:08:31,"17, Walsall | WS1 1YT",52.583910903,-1.983924508,2646,"Unit 7, The Saddlers","17, walsall | ws1 1yt,unit 7, the saddlers,"
109711,PROPERTY,Unit 18,SC,false,To Let,,,2021-03-12T16:08:33,2021-03-12T16:08:32,"14-16 Bradford Mall, Walsall | WS1 1YT",52.583910903,-1.983924508,2099,"Unit 18, The Saddlers","14-16 bradford mall, walsall | ws1 1yt,unit 18, the saddlers,"
109712,PROPERTY,Unit 48,SC,false,To Let,,,2021-03-12T16:08:34,2021-03-12T16:08:33,"Park Mall, Walsall | WS1 1YS",52.58443235,-1.984130948,1423,"Unit 48, The Saddlers","park mall, walsall | ws1 1ys,unit 48, the saddlers,"
109713,PROPERTY,Unit 2b,SC,false,To Let,,,2021-03-12T16:08:36,2021-03-12T16:08:34,"Queens Square, West Bromwich | B70 7NJ",52.518320868,-1.991849707,2412,"Unit 2b, Queens Square Shopping Centre","queens square, west bromwich | b70 7nj,unit 2b, queens square shopping centre,"
109714,PROPERTY,Unit 3,SC,false,To Let,,,2021-03-12T16:08:37,2021-03-12T16:08:36,"Queens Square, West Bromwich | B70 7NJ",52.519246151,-1.990448405,1736,"Unit 3, Queens Square Shopping Centre","queens square, west bromwich | b70 7nj,unit 3, queens square shopping centre,"
109715,PROPERTY,Unit 6,SC,false,To Let,,,2021-03-12T16:08:38,2021-03-12T16:08:37,"Queens Square, West Bromwich | B70 7NJ",52.519345423,-1.990767481,1529,"Unit 6, Queens Square Shopping Centre","queens square, west bromwich | b70 7nj,unit 6, queens square shopping centre,"
109716,PROPERTY,Unit 18,LE,false,To Let,,,2021-03-12T16:08:39,2021-03-12T16:08:38,"Sandwell Centre, West Bromwich | B70 7NJ",52.519175032,-1.990296483,1550,"Unit 18, Queens Square Shopping Centre","sandwell centre, west bromwich | b70 7nj,unit 18, queens square shopping centre,"
109717,PROPERTY,Unit 28-29,SC,false,To Let,,,2021-03-12T16:08:41,2021-03-12T16:08:39,"Queens Square, West Bromwich | B70 7NJ",52.519253374,-1.990296483,5530,"Unit 28-29, Queens Square Shopping Centre","queens square, west bromwich | b70 7nj,unit 28-29, queens square shopping centre,"
109718,PROPERTY,Unit 38,SC,false,To Let,,,2021-03-12T16:08:44,2021-03-12T16:08:41,"Queens Square, West Bromwich | B70 7NJ",52.519201146,-1.990768552,4505,"Unit 38, Queens Square Shopping Centre","queens square, west bromwich | b70 7nj,unit 38, queens square shopping centre,"
109719,PROPERTY,Unit 53,SC,false,To Let,,,2021-03-12T16:08:45,2021-03-12T16:08:44,"Queens Square, West Bromwich | B70 7NJ",52.519618965,-1.990897298,2336,"Unit 53, Queens Square Shopping Centre","queens square, west bromwich | b70 7nj,unit 53, queens square shopping centre,"
109720,PROPERTY,Unit 54,SC,false,To Let,,,2021-03-12T16:08:47,2021-03-12T16:08:45,"Queens Square, West Bromwich | B70 7NJ",52.519305601,-1.990382314,2198,"Unit 54, Queens Square Shopping Centre","queens square, west bromwich | b70 7nj,unit 54, queens square shopping centre,"
109721,PROPERTY,Unit 57,SC,false,To Let,,,2021-03-12T16:08:50,2021-03-12T16:08:47,"Queens Square, West Bromwich | B70 7NJ",52.519357828,-1.990553975,2151,"Unit 57, Queens Square Shopping Centre","queens square, west bromwich | b70 7nj,unit 57, queens square shopping centre,"
109722,PROPERTY,2 NEW SQUARE,SC,false,To Let,,,2021-03-12T16:08:51,2021-03-12T16:08:50,West Bromwich | B70 7PP,52.5194711,-1.991198935,3563,"2 NEW SQUARE, Queens Square Shopping Centre","west bromwich | b70 7pp,2 new square, queens square shopping centre,"
109727,PROPERTY,1092-1096 Warwick Road,RW,false,To Let,70000,,2021-03-12T16:53:40,2021-03-12T16:45:45,"Warwick Road, Birmingham | B27 6BH",52.4458008,-1.8200999,7974,"1092-1096 Warwick Road, Acocks Green","warwick road, birmingham | b27 6bh,1092-1096 warwick road, acocks green,"
109752,PROPERTY,72-74 Smallbrook Queensway,HS,false,To Let,,,2021-03-16T08:25:55,2021-03-16T08:25:46,Birmingham | B5 4EG,52.4762,-1.89759,,72-74 Smallbrook Queensway,"birmingham | b5 4eg,72-74 smallbrook queensway,"
109753,PROPERTY,33 Rea Street,HS,false,To Let,,,2021-03-16T08:26:04,2021-03-16T08:25:55,Birmingham | B5 6HT,52.47294,-1.88813,,33 Rea Street,"birmingham | b5 6ht,33 rea street,"
109754,PROPERTY,115-121 Sherlock Street,HS,false,To Let,,,2021-03-16T08:26:13,2021-03-16T08:26:05,Birmingham | B5 6LT,52.47256,-1.89312,,115-121 Sherlock Street,"birmingham | b5 6lt,115-121 sherlock street,"
109755,PROPERTY,5 Wrottesley Street,HS,false,To Let,,,2021-03-16T08:26:22,2021-03-16T08:26:13,Birmingham | B5 4RT,52.47545,-1.8971,,5 Wrottesley Street,"birmingham | b5 4rt,5 wrottesley street,"
109756,PROPERTY,66 Caroline Street,HS,false,To Let,,,2021-03-16T08:26:31,2021-03-16T08:26:22,Birmingham | B3 1UG,52.4866,-1.90865,,66 Caroline Street,"birmingham | b3 1ug,66 caroline street,"
109757,PROPERTY,27 Essex Street,HS,false,To Let,,,2021-03-16T08:26:40,2021-03-16T08:26:32,Birmingham | B5 4TR,52.47369,-1.89885,,27 Essex Street,"birmingham | b5 4tr,27 essex street,"
109758,PROPERTY,123 Digbeth,HS,false,To Let,,,2021-03-16T08:26:51,2021-03-16T08:26:41,Birmingham | B5 6DR,52.47635,-1.891,,123 Digbeth,"birmingham | b5 6dr,123 digbeth,"
109759,PROPERTY,68 New Street,HS,false,To Let,,,2021-03-16T08:27:00,2021-03-16T08:26:51,Birmingham | B2 4DU,52.47949,-1.90151,,68 New Street,"birmingham | b2 4du,68 new street,"
109760,PROPERTY,21 New Street,HS,false,To Let,,,2021-03-16T08:27:09,2021-03-16T08:27:01,Birmingham | B2 4RQ,52.47893,-1.89657,,21 New Street,"birmingham | b2 4rq,21 new street,"
109761,PROPERTY,7 Fore Street,HS,false,To Let,,,2021-03-16T08:27:19,2021-03-16T08:27:11,Birmingham | B2 5ER,52.47971,-1.89762,,7 Fore Street,"birmingham | b2 5er,7 fore street,"
109762,PROPERTY,7 Dale End,HS,false,To Let,,,2021-03-16T08:27:28,2021-03-16T08:27:19,Birmingham | B4 7LT,52.48067,-1.89385,,7 Dale End,"birmingham | b4 7lt,7 dale end,"
109770,PROPERTY,182 Corporation Street,HS,false,To Let,,,2021-03-16T08:28:46,2021-03-16T08:28:39,Birmingham | B4 6UD,52.48301,-1.89342,,182 Corporation Street,"birmingham | b4 6ud,182 corporation street,"
109866,PROPERTY,33-40 Bradford Street,HS,false,To Let,,,2021-03-16T08:42:32,2021-03-16T08:42:25,Birmingham | B5 6HX,52.47449,-1.88907,,33-40 Bradford Street,"birmingham | b5 6hx,33-40 bradford street,"
109867,PROPERTY,104 Corporation Street,HS,false,To Let,,,2021-03-16T08:42:41,2021-03-16T08:42:33,Birmingham | B4 6SX,52.48168,-1.89484,,104 Corporation Street,"birmingham | b4 6sx,104 corporation street,"
109868,PROPERTY,104 Colmore Row,HS,false,To Let,,,2021-03-16T08:42:50,2021-03-16T08:42:42,Birmingham | B3 3AG,52.48062,-1.90124,,104 Colmore Row,"birmingham | b3 3ag,104 colmore row,"
109869,PROPERTY,37a Waterloo Street,HS,false,To Let,,,2021-03-16T08:42:58,2021-03-16T08:42:50,Birmingham | B2 5TJ,52.48015,-1.90127,,37a Waterloo Street,"birmingham | b2 5tj,37a waterloo street,"
110015,PROPERTY,20 Suffolk Street Queensway,HS,false,To Let,,,2021-03-16T09:04:02,2021-03-16T09:03:53,Birmingham | B1 1LW,52.47715,-1.90163,,20 Suffolk Street Queensway,"birmingham | b1 1lw,20 suffolk street queensway,"
110017,PROPERTY,118 Corporation Street,HS,false,To Let,,,2021-03-16T09:04:20,2021-03-16T09:04:11,Birmingham | B4 6SX,52.48143,-1.89464,,118 Corporation Street,"birmingham | b4 6sx,118 corporation street,"
110037,PROPERTY,32a New Street,HS,false,To Let,,,2021-03-16T09:07:22,2021-03-16T09:07:14,Birmingham | B2 4RQ,52.47901,-1.89774,,32a New Street,"birmingham | b2 4rq,32a new street,"
110060,PROPERTY,193-194 Broad Street,HS,false,To Let,,,2021-03-16T09:10:47,2021-03-16T09:10:39,Birmingham | B15 1AY,52.47551,-1.9137,,193-194 Broad Street,"birmingham | b15 1ay,193-194 broad street,"
110072,PROPERTY,69 New Street,HS,false,To Let,,,2021-03-16T09:12:30,2021-03-16T09:12:20,Birmingham | B2 4DU,52.47949,-1.90159,,69 New Street,"birmingham | b2 4du,69 new street,"
110079,PROPERTY,125-127 Sherlock Street,HS,false,To Let,,,2021-03-16T09:13:33,2021-03-16T09:13:25,Birmingham | B5 6NB,52.47153,-1.89399,,125-127 Sherlock Street,"birmingham | b5 6nb,125-127 sherlock street,"
110097,PROPERTY,173 Hagley Road,HS,false,To Let,,,2021-03-16T09:16:13,2021-03-16T09:16:04,Birmingham | B16 9RD,52.47209549,-1.931942105,,173 Hagley Road,"birmingham | b16 9rd,173 hagley road,"
110107,PROPERTY,3 Temple Row West,HS,false,To Let,,,2021-03-16T09:17:43,2021-03-16T09:17:35,Birmingham | B2 5NY,52.48109,-1.89997,,3 Temple Row West,"birmingham | b2 5ny,3 temple row west,"
110143,PROPERTY,88-90 New Street,HS,false,To Let,,,2021-03-16T09:22:45,2021-03-16T09:22:37,Birmingham | B2 4BA,52.47928,-1.90132,,88-90 New Street,"birmingham | b2 4ba,88-90 new street,"
110168,PROPERTY,Ladywell Walk,HS,false,To Let,,,2021-03-16T09:26:23,2021-03-16T09:26:14,Birmingham | B5 4ST,52.4753,-1.89631,,Ladywell Walk,"birmingham | b5 4st,ladywell walk,"
110172,PROPERTY,2a Bagot Street,HS,false,To Let,,,2021-03-16T09:26:58,2021-03-16T09:26:50,Birmingham | B4 7BA,52.48907,-1.89108,,2a Bagot Street,"birmingham | b4 7ba,2a bagot street,"
110185,PROPERTY,131a Digbeth,HS,false,To Let,,,2021-03-16T09:28:46,2021-03-16T09:28:38,Birmingham | B5 6DR,52.47628,-1.89087,,131a Digbeth,"birmingham | b5 6dr,131a digbeth,"
110201,PROPERTY,13 Caroline Street,HS,false,To Let,,,2021-03-16T09:31:10,2021-03-16T09:31:02,Birmingham | B3 1TR,52.4859,-1.90529,,13 Caroline Street,"birmingham | b3 1tr,13 caroline street,"
110202,PROPERTY,28c Great Hampton Street,HS,false,To Let,,,2021-03-16T09:31:19,2021-03-16T09:31:11,Birmingham | B18 6AA,52.4899,-1.90862,,28c Great Hampton Street,"birmingham | b18 6aa,28c great hampton street,"
110213,PROPERTY,88 Dudley Street,HS,false,To Let,,,2021-03-16T09:33:00,2021-03-16T09:32:50,Birmingham | B5 4EG,52.47647,-1.89716,,88 Dudley Street,"birmingham | b5 4eg,88 dudley street,"
110218,PROPERTY,76 Pershore Road,HS,false,To Let,,,2021-03-16T09:33:44,2021-03-16T09:33:36,Birmingham | B5 7BS,52.46544,-1.89854,,76 Pershore Road,"birmingham | b5 7bs,76 pershore road,"
110219,PROPERTY,30 St. Pauls Square,HS,false,To Let,,,2021-03-16T09:33:53,2021-03-16T09:33:45,Birmingham | B3 1QJ,52.48594,-1.90585,,30 St. Pauls Square,"birmingham | b3 1qj,30 st. pauls square,"
110227,PROPERTY,1 Browning Street,HS,false,To Let,,,2021-03-16T09:34:54,2021-03-16T09:34:45,Birmingham | B16 8EH,52.47827,-1.9197,,1 Browning Street,"birmingham | b16 8eh,1 browning street,"
110228,PROPERTY,382 Dudley Road,HS,false,To Let,,,2021-03-16T09:35:03,2021-03-16T09:34:54,Birmingham | B18 4HH,52.48702,-1.94567,,382 Dudley Road,"birmingham | b18 4hh,382 dudley road,"
110229,PROPERTY,289 Gooch Street,HS,false,To Let,,,2021-03-16T09:35:11,2021-03-16T09:35:04,Birmingham | B5 7JP,52.46569,-1.89218,,289 Gooch Street,"birmingham | b5 7jp,289 gooch street,"
110238,PROPERTY,2 Ladywood Middleway,HS,false,To Let,,,2021-03-16T09:36:30,2021-03-16T09:36:22,Birmingham | B16 8HA,52.4747,-1.92049,,2 Ladywood Middleway,"birmingham | b16 8ha,2 ladywood middleway,"
110239,PROPERTY,7 Cannon Street,HS,false,To Let,,,2021-03-16T09:36:40,2021-03-16T09:36:31,Birmingham | B2 5EF,52.47957,-1.89834,,7 Cannon Street,"birmingham | b2 5ef,7 cannon street,"
